{
    "Player": {
        "ArmL Translation": [
            -0.6000000238418579,
            1.25,
            0.0
        ],
        "ArmR Translation": [
            0.6000000238418579,
            1.25,
            0.0
        ],
        "Head Translation": [
            0.0,
            1.5199999809265137,
            0.0
        ],
        "Test": 71
    }
}
